"Hotel","Method","Dataset","Accuracy","Precision","Recall","F1_Score","AUC"
"City Hotel","SMOTE","Validation",0.822713750273123,0.847430406852248,0.701401756223314,0.767532066822409,0.888191415668007
"City Hotel","SMOTE","Test",0.820450763878385,0.8453200527318,0.697317544707588,0.764219029331921,0.887132820521463
"City Hotel","DownSample","Validation",0.82200783232768,0.838436667934576,0.710303713848385,0.769069737014261,0.888576801074081
"City Hotel","DownSample","Test",0.806131195482277,0.754801610120759,0.793015949734171,0.773437039655884,0.888994890017675
