"Hotel","Method","Dataset","Accuracy","Precision","Recall","F1_Score","AUC"
"City Hotel","SMOTE","Validation",0.824209624014656,0.849953719491402,0.702771288165633,0.769386810133839,0.887516147313629
"City Hotel","SMOTE","Test",0.822568446528513,0.8473784139039,0.701063315611406,0.767308073794882,0.887569301053601
"City Hotel","DownSample","Validation",0.822780980553641,0.838179579465808,0.712921936679288,0.770493230595098,0.88850022646617
"City Hotel","DownSample","Test",0.80794635203953,0.757642173261045,0.793620106331561,0.775213927412216,0.887920832682842
